{
  "version": "1.1",
  "gridBounds": {
    "min": [
      -444.0000000000001,
      -44.800000000000004,
      -222
    ],
    "max": [
      -218.0000000000001,
      -20.000000000000004,
      -120.19999999999999
    ]
  },
  "sceneBounds": {
    "min": [
      -1221.4717567231044,
      -61.26652190608628,
      -221.8030660108722
    ],
    "max": [
      1217.798888948141,
      64.99637195987351,
      213.9523794607318
    ]
  },
  "voxelResolution": 0.05,
  "leafSize": 4,
  "treeDepth": 11,
  "numInteriorNodes": 693,
  "numMixedLeaves": 2338,
  "nodeCount": 3687,
  "leafDataCount": 4676
}